Unnamed: 0,Unnamed: 1,Unnamed: 2,Unnamed: 3,Unnamed: 4,PRECINCT NAME,Unnamed: 6,Unnamed: 7,Unnamed: 8,Unnamed: 9,Unnamed: 10,Unnamed: 11,Unnamed: 12,Unnamed: 13,Unnamed: 14,Unnamed: 15,Unnamed: 16,Unnamed: 17,Unnamed: 18,Unnamed: 19,Unnamed: 20,Unnamed: 21,Unnamed: 22,Unnamed: 23,Unnamed: 24,Unnamed: 25,Unnamed: 26,Unnamed: 27,Unnamed: 28,Unnamed: 29
,,,,,Total Number of Votes,ABSENTEE VOTERS,BAKERHILL VOLUNTEER FIRE,BAKERS STORE,BEVILL CENTER,BLUE SPRINGS CITY HALL,CLAYTON COURTHOUSE,CLIO CITY HALL,COGGINS STORE VOTING HOUSE,COWIKEE VOLUNTEER FIRE,ELAMVILLE VOLUNTEER FIRE,EUFAULA WATER BOARD,FELLOWSHIP BAPTIST CHURCH,GREENS CROSSROADS,JOHNNY BOYDS STORE,JUNIOR TURNER STORE,LOUISVILLE CITY HALL,MCCOO SCHOOL,MT_ ANDREW RECREATION CENTER,NEW ARMORY,RICHARDS CABINET SHOP,SANFORD GYM,SPRINGHILL VOLUNTEER FIRE,SUTTONS RESTAURANT,WHITE OAK METHODIST CHURCH
County Code,County,Contest Title,Party Code,Candidate,,,,,,,,,,,,,,,,,,,,,,,,,
03,BARBOUR,TOTAL BALLOTS CAST,TBC,TOTAL BALLOTS CAST,8207,446,299,83,477,227,851,496,65,74,87,668,562,125,125,72,438,738,130,806,88,821,244,97,188
03,BARBOUR,GOVERNOR,DEM,"Siegelman, Don",4858,285,191,31,181,90,580,319,21,50,33,449,272,61,67,50,278,504,117,426,48,434,190,61,120
03,BARBOUR,GOVERNOR,LIB,"Sophocleus, John P.",94,3,2,0,7,1,11,2,0,0,1,3,9,0,7,0,10,6,1,12,3,10,2,3,1
03,BARBOUR,GOVERNOR,REP,"Riley, Bob",3182,166,105,44,282,133,248,170,44,24,52,212,279,61,47,21,149,222,12,357,37,368,51,32,66
03,BARBOUR,GOVERNOR,WI,WRITE-IN,18,0,1,0,2,1,1,2,0,0,0,0,2,0,0,0,1,0,0,2,0,4,0,1,1
03,BARBOUR,LIEUTENANT GOVERNOR,DEM,"Baxley, Lucy",5294,315,197,42,221,139,614,363,34,48,43,441,308,74,78,50,333,523,117,458,54,472,182,71,117
03,BARBOUR,LIEUTENANT GOVERNOR,LIB,"Adams, Lyn Curtis",142,2,8,0,12,4,14,2,0,1,2,11,5,1,8,1,11,14,3,21,3,14,2,1,2
03,BARBOUR,LIEUTENANT GOVERNOR,REP,"Armistead, Bill",2504,120,84,29,231,82,184,121,28,19,41,178,238,40,33,11,89,177,9,310,30,313,52,22,63
03,BARBOUR,LIEUTENANT GOVERNOR,WI,WRITE-IN,20,0,0,0,5,0,3,0,0,0,0,3,1,0,0,0,1,0,0,1,0,4,1,1,0
03,BARBOUR,UNITED STATES SENATOR,DEM,"Parker, Susan",3793,212,141,16,132,61,485,230,16,42,22,362,182,51,52,32,227,429,109,323,35,324,174,53,83
03,BARBOUR,UNITED STATES SENATOR,LIB,"Allen, Jeff",114,5,5,0,6,1,14,6,0,1,2,6,8,0,3,0,11,4,4,16,4,9,3,0,6
03,BARBOUR,UNITED STATES SENATOR,REP,"Sessions, Jeff",4056,229,145,54,334,162,316,247,49,29,60,270,358,66,62,27,188,279,15,451,46,475,60,42,92
03,BARBOUR,UNITED STATES SENATOR,WI,WRITE-IN,8,0,0,0,0,0,0,1,0,0,1,2,1,0,0,0,1,1,0,1,0,0,0,0,0
03,BARBOUR,ATTORNEY GENERAL,DEM,"Whigham, Boyd",5217,273,184,47,219,140,656,363,44,55,39,438,291,82,71,51,317,519,121,473,59,424,182,68,101
03,BARBOUR,ATTORNEY GENERAL,LIB,"Myers, Wilson",149,4,5,0,6,4,12,11,0,0,1,6,8,2,4,3,12,18,2,13,3,21,7,2,5
03,BARBOUR,ATTORNEY GENERAL,REP,"Pryor, Bill",2594,153,99,25,244,80,155,113,20,16,44,198,253,33,41,10,96,179,6,303,21,362,45,25,73
03,BARBOUR,ATTORNEY GENERAL,WI,WRITE-IN,8,0,0,1,1,0,1,1,0,0,0,1,0,0,0,0,0,0,0,0,0,1,1,0,1
03,BARBOUR,"ASSOCIATE JUSTICE, SUPREME COURT",DEM,"Anderson, James H.",4088,233,154,25,147,84,498,256,22,42,33,377,211,47,54,34,247,441,110,357,36,362,170,55,93
03,BARBOUR,"ASSOCIATE JUSTICE, SUPREME COURT",LIB,"Bear, Tom",129,3,6,0,15,3,13,6,0,2,0,4,6,2,7,0,13,8,4,12,4,10,4,1,6
03,BARBOUR,"ASSOCIATE JUSTICE, SUPREME COURT",REP,"See, Harold",3346,179,116,37,288,121,254,175,32,25,45,238,308,60,48,14,141,242,14,393,39,408,57,36,76
03,BARBOUR,"ASSOCIATE JUSTICE, SUPREME COURT",WI,WRITE-IN,11,0,0,0,2,0,1,1,0,0,0,0,1,0,0,0,0,3,0,0,0,3,0,0,0
03,BARBOUR,COURT OF CIVIL APPEALS,DEM,"Toles, Vicky Underwood",3826,213,146,21,139,61,467,233,16,42,25,365,194,47,49,31,212,432,109,337,34,334,168,56,95
03,BARBOUR,COURT OF CIVIL APPEALS,REP,"Thompson, William ""Bill"" C.",3434,179,125,38,292,128,253,178,36,23,50,239,315,49,50,17,164,252,16,402,42,415,58,34,79
03,BARBOUR,COURT OF CIVIL APPEALS,WI,WRITE-IN,12,0,0,0,1,0,3,1,0,0,0,2,1,1,1,1,0,0,0,0,0,1,0,0,0
03,BARBOUR,"COURT OF CRIMINAL APPEALS, PLACE #1",DEM,"Funderburk, Eric B.",3790,208,146,19,140,67,448,235,16,43,26,360,195,46,44,31,215,436,112,333,32,323,168,54,93
03,BARBOUR,"COURT OF CRIMINAL APPEALS, PLACE #1",LIB,"Allen, Troy E., Jr.",342,12,23,6,24,10,33,31,4,1,3,16,20,5,19,1,26,21,2,29,6,23,12,7,8
03,BARBOUR,"COURT OF CRIMINAL APPEALS, PLACE #1",REP,"McMillan, H.W. ""Bucky""",3062,168,98,33,269,106,230,142,32,21,47,226,288,46,37,13,129,217,10,370,36,395,45,28,76
03,BARBOUR,"COURT OF CRIMINAL APPEALS, PLACE #1",WI,WRITE-IN,6,0,0,0,0,0,1,0,0,1,0,1,1,1,0,0,0,0,0,0,0,1,0,0,0
03,BARBOUR,"COURT OF CRIMINAL APPEALS, PLACE #2",DEM,"Cauthen, Florence Mangum",4053,210,156,24,138,81,490,257,23,43,24,378,204,52,49,34,245,454,113,355,37,359,176,56,95
03,BARBOUR,"COURT OF CRIMINAL APPEALS, PLACE #2",REP,"Baschab, Pam",3001,162,111,29,288,100,198,142,27,21,48,219,288,37,48,11,119,217,8,369,36,371,46,30,76
03,BARBOUR,"COURT OF CRIMINAL APPEALS, PLACE #2",WI,WRITE-IN,13,3,0,0,0,0,0,0,0,0,1,2,1,0,1,0,0,0,0,0,0,4,1,0,0
03,BARBOUR,SECRETARY OF STATE,DEM,"Worley, Nancy L.",4541,266,169,37,173,99,552,305,28,46,30,401,249,60,56,35,270,485,111,377,44,402,177,67,102
03,BARBOUR,SECRETARY OF STATE,LIB,"Bodenhausen, Mark",121,4,7,3,8,1,5,9,0,2,3,4,7,2,6,1,15,9,3,14,3,8,2,1,4
03,BARBOUR,SECRETARY OF STATE,REP,"Thomas, Dave",2771,132,90,21,265,94,193,113,28,17,45,208,264,44,39,16,107,198,13,358,29,352,49,24,72
03,BARBOUR,SECRETARY OF STATE,WI,WRITE-IN,9,0,0,0,0,0,1,1,0,0,0,1,4,0,0,0,0,0,0,0,0,2,0,0,0
03,BARBOUR,STATE TREASURER,DEM,"Black, Stephen Foster",3827,225,142,21,119,60,481,244,17,42,26,366,194,48,50,32,217,421,110,335,32,317,177,56,95
03,BARBOUR,STATE TREASURER,LIB,"Garland,Gabe",161,5,7,1,19,5,15,5,0,2,2,7,10,0,8,1,15,12,2,21,4,11,3,1,5
03,BARBOUR,STATE TREASURER,REP,"Ivey, Kay",3577,175,117,41,313,136,273,201,40,22,50,252,324,58,47,25,170,253,14,412,42,446,50,37,79
03,BARBOUR,STATE TREASURER,WI,WRITE-IN,8,2,0,0,0,1,1,1,0,0,1,0,1,0,1,0,0,0,0,0,0,0,0,0,0
03,BARBOUR,STATE AUDITOR,DEM,"Gibson, Carolyn",4030,220,159,24,142,79,513,260,21,41,24,374,208,48,50,36,233,440,110,345,36,350,169,56,92
03,BARBOUR,STATE AUDITOR,LIB,"Reeves, Franklin",237,24,8,3,14,7,17,13,0,1,4,14,11,5,18,1,21,12,6,21,5,16,7,4,5
03,BARBOUR,STATE AUDITOR,REP,"Chapman, Beth",3122,152,102,34,285,110,212,143,33,23,49,225,300,47,41,13,125,233,11,384,40,397,52,30,81
03,BARBOUR,STATE AUDITOR,WI,WRITE-IN,5,0,0,0,0,0,1,0,0,0,0,0,2,0,0,0,0,0,0,0,0,1,0,1,0
03,BARBOUR,COMMISSIONER OF AG. & INDUSTRIES,DEM,"Sparks, Ron",4470,257,180,33,168,101,551,302,42,48,36,378,247,72,59,42,274,459,114,376,33,347,179,62,110
03,BARBOUR,COMMISSIONER OF AG. & INDUSTRIES,LIB,"Hulcher, Maude G.",167,2,10,0,12,5,13,12,0,2,3,9,11,2,10,2,11,17,2,24,4,9,3,1,3
03,BARBOUR,COMMISSIONER OF AG. & INDUSTRIES,REP,"Alley, J. Lee",2865,150,78,29,262,96,200,118,17,13,40,230,258,34,40,11,109,209,12,352,40,423,50,29,65
03,BARBOUR,COMMISSIONER OF AG. & INDUSTRIES,WI,WRITE-IN,6,1,0,0,0,0,0,1,0,1,0,0,1,0,0,0,0,0,0,1,0,1,0,0,0
03,BARBOUR,"PUBLIC SERVICE COMMISSION, PLACE #1",DEM,"Cook, Jan",4960,268,186,43,191,132,569,347,35,49,35,426,296,70,70,46,301,499,118,427,48,431,190,74,109
03,BARBOUR,"PUBLIC SERVICE COMMISSION, PLACE #1",LIB,"Clark, Dick",192,8,14,0,19,6,19,5,0,1,3,12,12,2,9,0,20,12,2,18,4,13,5,0,8
03,BARBOUR,"PUBLIC SERVICE COMMISSION, PLACE #1",REP,"Martin, Charles B.",2435,135,76,24,236,72,186,90,23,15,42,184,221,31,29,11,84,183,7,317,29,325,35,19,61
03,BARBOUR,"PUBLIC SERVICE COMMISSION, PLACE #1",WI,WRITE-IN,1,0,0,0,0,0,0,0,0,0,0,0,0,0,0,0,0,0,0,0,0,1,0,0,0
03,BARBOUR,"PUBLIC SERVICE COMMISSION, PLACE #2",DEM,"Pierce, Greg",3401,183,132,11,106,40,412,204,13,42,17,347,158,33,40,31,179,404,108,307,28,298,174,50,84
03,BARBOUR,"PUBLIC SERVICE COMMISSION, PLACE #2",LIB,"Abernathy, Matthew B. ""Cardy""",136,3,4,0,14,2,20,2,0,1,3,8,5,1,6,0,12,12,2,20,3,12,2,1,3
03,BARBOUR,"PUBLIC SERVICE COMMISSION, PLACE #2",REP,"Wallace, George C., Jr.",4180,232,147,61,335,175,366,254,50,25,63,266,369,76,67,27,216,282,18,438,50,472,59,41,91
03,BARBOUR,"PUBLIC SERVICE COMMISSION, PLACE #2",WI,WRITE-IN,3,0,0,0,0,0,0,1,0,0,0,2,0,0,0,0,0,0,0,0,0,0,0,0,0
03,BARBOUR,"US HOUSE, DISTRICT 2",DEM,"Woods, Charles",3553,178,137,18,116,63,419,235,24,42,18,342,178,46,44,30,198,409,106,313,30,294,175,53,85
03,BARBOUR,"US HOUSE, DISTRICT 2",LIB,"Shackelford, Floyd",141,6,4,0,14,4,13,4,2,2,3,5,8,5,7,0,14,6,3,19,3,11,3,0,5
03,BARBOUR,"US HOUSE, DISTRICT 2",REP,"Everett, Terry",4134,253,140,53,334,156,357,237,37,28,64,276,354,63,63,27,203,289,19,451,51,491,57,40,91
03,BARBOUR,"US HOUSE, DISTRICT 2",WI,WRITE-IN,12,0,1,0,2,0,2,0,0,0,0,2,3,0,0,0,0,1,0,0,0,1,0,0,0
03,BARBOUR,"STATE BOE, DISTRICT 2",DEM,"Williams, Charlotte Kirkland",4760,261,186,42,186,105,555,294,26,45,32,430,272,60,61,34,262,508,116,436,45,456,179,66,103
03,BARBOUR,"STATE BOE, DISTRICT 2",REP,"Peters, Betty",2579,140,82,24,255,87,183,113,26,19,49,188,244,35,45,17,105,174,6,305,30,307,48,26,71
03,BARBOUR,"STATE BOE, DISTRICT 2",WI,WRITE-IN,10,0,1,0,1,1,0,0,0,0,0,1,1,0,1,0,1,0,1,1,0,1,0,0,0
03,BARBOUR,"STATE SENATE, DISTRICT 28",DEM,"Penn, Myron C.",5544,315,195,31,276,111,607,305,29,57,38,503,363,64,62,34,261,583,120,561,67,555,206,70,131
03,BARBOUR,"STATE SENATE, DISTRICT 28",LIB,"Bowden, Daniel V.",1578,77,74,33,104,76,188,125,27,6,26,60,111,43,54,22,160,68,6,120,12,122,24,17,23
03,BARBOUR,"STATE SENATE, DISTRICT 28",WI,WRITE-IN,14,0,0,0,2,2,1,0,0,0,0,1,1,0,0,0,0,1,0,2,0,4,0,0,0
03,BARBOUR,"STATE HOUSE OF REPRESENTATIVES, DISTRICT 84",DEM,"Beasley, Billy",6277,343,217,51,307,156,701,412,54,56,50,521,405,94,91,49,378,608,120,571,62,600,210,81,140
03,BARBOUR,"STATE HOUSE OF REPRESENTATIVES, DISTRICT 84",WI,WRITE-IN,66,1,5,0,7,3,1,5,0,0,0,7,4,2,1,0,3,4,0,11,0,10,1,0,1
03,BARBOUR,STATEWIDE AMENDMENT #1,,YES,4918,285,173,43,313,132,495,246,53,28,46,373,346,54,62,25,261,419,111,525,66,529,185,50,98
03,BARBOUR,STATEWIDE AMENDMENT #1,,NO,1208,50,61,19,74,41,122,106,4,10,25,82,89,22,27,10,86,94,3,101,9,91,16,33,33
03,BARBOUR,STATEWIDE AMENDMENT #2,,YES,3135,199,114,17,167,60,329,165,12,13,31,250,222,28,42,13,182,276,97,325,33,311,152,48,49
03,BARBOUR,STATEWIDE AMENDMENT #2,,NO,2630,119,112,42,185,106,251,158,41,18,35,191,197,37,40,18,134,205,15,274,35,280,31,27,79
03,BARBOUR,STATEWIDE AMENDMENT #3,,YES,4229,204,162,39,256,132,486,212,43,19,50,304,291,44,56,29,260,316,106,444,38,422,166,72,78
03,BARBOUR,STATEWIDE AMENDMENT #3,,NO,1649,106,70,19,108,45,115,115,12,16,17,141,134,26,27,8,80,171,8,153,31,162,23,12,50
